{"cameraMode":{"drawMode":0,"name":"Shaded","section":"Shading Mode"},"sceneLighting":true,"audioPlay":false,"sceneViewState":{"showFog":true,"showMaterialUpdate":false,"showSkybox":true,"showFlares":true,"showImageEffects":true,"showParticleSystems":true},"in2DMode":false,"pivot":{"x":-24.644207000732423,"y":110.26004791259766,"z":-41.085845947265628},"rotation":{"x":0.5382485389709473,"y":0.22472581267356873,"z":-0.15157665312290193,"w":0.7980096936225891},"size":3.041381359100342,"orthographic":false}