{"cameraMode":{"drawMode":0,"name":"Shaded","section":"Shading Mode"},"sceneLighting":false,"audioPlay":false,"sceneViewState":{"showFog":true,"showMaterialUpdate":false,"showSkybox":false,"showFlares":true,"showImageEffects":true,"showParticleSystems":true},"in2DMode":false,"pivot":{"x":0.5319027900695801,"y":0.8780431747436523,"z":0.5179705619812012},"rotation":{"x":-0.2528954744338989,"y":0.6800748109817505,"z":-0.27190789580345156,"w":-0.6323357820510864},"size":0.931255042552948,"orthographic":false}