{"cameraMode":{"drawMode":0,"name":"Shaded","section":"Shading Mode"},"sceneLighting":false,"audioPlay":false,"sceneViewState":{"showFog":true,"showMaterialUpdate":false,"showSkybox":false,"showFlares":true,"showImageEffects":true,"showParticleSystems":true},"in2DMode":false,"pivot":{"x":0.0,"y":0.2849999666213989,"z":6.254000186920166},"rotation":{"x":-0.49426865577697756,"y":-0.0001810056419344619,"z":0.0002151531371055171,"w":-0.8694987297058106},"size":0.4330126941204071,"orthographic":false}