{"cameraMode":{"drawMode":0,"name":"Shaded","section":"Shading Mode"},"sceneLighting":true,"audioPlay":false,"sceneViewState":{"showFog":true,"showMaterialUpdate":false,"showSkybox":true,"showFlares":true,"showImageEffects":true,"showParticleSystems":true},"in2DMode":false,"pivot":{"x":-1.4099998474121094,"y":1.75,"z":28.400001525878908},"rotation":{"x":0.40133360028266909,"y":-0.04568669572472572,"z":0.019884658977389337,"w":0.9148460030555725},"size":25.495098114013673,"orthographic":false}